1,Alysia,Kleen,akleen0@pinterest.com,+7 419 671 0193,en-GB,https://robohash.org/providentsuntnatus.png?size=50x50&set=set1,8890 Manley Crossing,Database Administrator III
2,Blane,Tesimon,btesimon1@wiley.com,+55 401 707 6663,es-ES,https://robohash.org/sintnemovel.png?size=50x50&set=set1,561 Sommers Court,Business Systems Development Analyst
3,Brittni,Crowth,bcrowth2@furl.net,+98 452 972 0929,fr-FR,https://robohash.org/autliberodeserunt.png?size=50x50&set=set1,70524 Bobwhite Avenue,Account Representative III
4,Rufe,Jerke,rjerke3@g.co,+86 375 783 5098,en-US,https://robohash.org/eumillumomnis.png?size=50x50&set=set1,5 Bunting Plaza,Programmer I
5,Richart,Moniker,rmoniker4@discovery.com,+355 261 981 1445,en-US,https://robohash.org/suntrepellendusdeleniti.png?size=50x50&set=set1,86 Farwell Place,Senior Sales Associate
6,Zsazsa,Clethro,zclethro5@mtv.com,+33 186 254 7460,fr-FR,https://robohash.org/utremeos.png?size=50x50&set=set1,16902 Schiller Lane,Senior Financial Analyst
7,Marlow,Weatherup,mweatherup6@reverbnation.com,+86 337 451 6767,es-ES,https://robohash.org/necessitatibusnisiquis.png?size=50x50&set=set1,9610 Center Road,Sales Associate
8,Leda,Crooks,lcrooks7@pen.io,+62 504 425 9083,ja-JP,https://robohash.org/quodexet.png?size=50x50&set=set1,56722 Onsgard Terrace,Director of Sales
9,Opalina,Jagiello,ojagiello8@stumbleupon.com,+84 761 372 7305,fr-FR,https://robohash.org/suntquiaad.png?size=50x50&set=set1,27 Golf Course Avenue,Project Manager
10,Benedicta,Hanington,bhanington9@huffingtonpost.com,+51 286 565 3513,fr-FR,https://robohash.org/laborumconsequaturet.png?size=50x50&set=set1,88 Springview Hill,Research Assistant II
11,Chico,Gwynne,cgwynnea@archive.org,+30 702 601 2711,en-US,https://robohash.org/sedtemporeenim.png?size=50x50&set=set1,3 Straubel Point,Analog Circuit Design manager
12,Quintilla,Chetwin,qchetwinb@jiathis.com,+86 839 745 3956,de-DE,https://robohash.org/odionisiea.png?size=50x50&set=set1,5 Lawn Hill,Administrative Assistant IV
13,Moyra,Mancer,mmancerc@cam.ac.uk,+86 204 673 0133,de-DE,https://robohash.org/perferendisdelectusab.png?size=50x50&set=set1,900 Mayer Way,Compensation Analyst
14,Sapphire,Rosekilly,srosekillyd@noaa.gov,+996 426 199 9179,ja-JP,https://robohash.org/estreiciendiscorporis.png?size=50x50&set=set1,2170 Monument Hill,Programmer Analyst IV
15,Vinny,Piscopo,vpiscopoe@bravesites.com,+374 239 401 1126,en-GB,https://robohash.org/veritatisautsoluta.png?size=50x50&set=set1,36 Donald Trail,Environmental Specialist
16,Mohammed,Paunsford,mpaunsfordf@samsung.com,+254 753 330 4402,fr-FR,https://robohash.org/quimagnamnulla.png?size=50x50&set=set1,166 Toban Place,Senior Sales Associate
17,Harp,Goor,hgoorg@noaa.gov,+86 348 724 3438,fr-FR,https://robohash.org/etconsequatureum.png?size=50x50&set=set1,2 Debra Plaza,Speech Pathologist
18,Teressa,Peete,tpeeteh@cpanel.net,+86 498 597 7193,en-US,https://robohash.org/abdistinctioillo.png?size=50x50&set=set1,19 Morrow Road,Account Executive
19,Alberik,Alessandone,aalessandonei@newsvine.com,+234 607 272 7284,en-GB,https://robohash.org/autquiacorporis.png?size=50x50&set=set1,31528 Bay Junction,Research Nurse
20,Costa,Delouch,cdelouchj@nature.com,+86 905 453 5025,fr-FR,https://robohash.org/doloremautemminus.png?size=50x50&set=set1,11658 Monterey Place,Senior Quality Engineer
21,Herschel,Rostern,hrosternk@ocn.ne.jp,+53 323 983 0326,de-DE,https://robohash.org/saepemodibeatae.png?size=50x50&set=set1,932 Elka Street,Nuclear Power Engineer
22,Donnamarie,Oene,doenel@jalbum.net,+7 976 190 2243,de-DE,https://robohash.org/istevoluptatesquis.png?size=50x50&set=set1,60 Kensington Street,Professor
23,Kippie,L'Archer,klarcherm@wikimedia.org,+1 617 640 8016,de-DE,https://robohash.org/solutanihilvoluptas.png?size=50x50&set=set1,36566 Hagan Park,Geological Engineer
24,Roselia,Woolway,rwoolwayn@deliciousdays.com,+507 574 461 3395,en-GB,https://robohash.org/animiutquod.png?size=50x50&set=set1,85728 Namekagon Alley,Librarian
25,Celia,Ruusa,cruusao@yahoo.com,+977 769 967 5483,ja-JP,https://robohash.org/nostrumeumet.png?size=50x50&set=set1,1882 Esch Terrace,VP Marketing
26,Barton,Deboo,bdeboop@amazon.com,+66 776 942 2832,de-DE,https://robohash.org/nihilinventoredoloribus.png?size=50x50&set=set1,030 Lakeland Street,Quality Engineer
27,Cissy,McLanaghan,cmclanaghanq@amazon.com,+60 936 804 8583,en-US,https://robohash.org/voluptasprovidentconsequuntur.png?size=50x50&set=set1,17 South Street,Computer Systems Analyst IV
28,Emelia,Sheehy,esheehyr@arizona.edu,+63 599 174 9911,fr-FR,https://robohash.org/utnobisnon.png?size=50x50&set=set1,14740 Daystar Place,Budget/Accounting Analyst I
29,Doe,Alforde,dalfordes@paypal.com,+63 531 631 9673,de-DE,https://robohash.org/quosearumcupiditate.png?size=50x50&set=set1,4863 Talisman Circle,Associate Professor
30,Tomaso,Dallaway,tdallawayt@rakuten.co.jp,+86 392 981 0370,fr-FR,https://robohash.org/nonvelassumenda.png?size=50x50&set=set1,562 Luster Pass,Assistant Media Planner
31,Dale,Rosbotham,drosbothamu@chronoengine.com,+7 150 241 3327,en-GB,https://robohash.org/quinisiplaceat.png?size=50x50&set=set1,15 Monument Plaza,Research Assistant III
32,Osmund,Studde,ostuddev@wix.com,+55 626 555 1715,en-US,https://robohash.org/ipsamquodrepellendus.png?size=50x50&set=set1,7 Homewood Alley,Media Manager II
33,Brunhilda,Feak,bfeakw@hhs.gov,+7 358 159 0218,ja-JP,https://robohash.org/utexipsum.png?size=50x50&set=set1,62 Anniversary Crossing,Accounting Assistant III
34,Bobine,Carlisle,bcarlislex@google.com.br,+66 292 743 7090,en-GB,https://robohash.org/molestiaelaudantiumdoloremque.png?size=50x50&set=set1,1 Porter Road,Clinical Specialist
35,Nicolais,Tales,ntalesy@wix.com,+1 330 788 3390,en-GB,https://robohash.org/impeditametarchitecto.png?size=50x50&set=set1,94150 Monument Terrace,Software Test Engineer II
36,Reiko,Maiklem,rmaiklemz@umn.edu,+62 363 462 4006,en-GB,https://robohash.org/debitisminimadolores.png?size=50x50&set=set1,824 Knutson Place,Business Systems Development Analyst
37,Katheryn,Soane,ksoane10@phpbb.com,+62 463 416 1409,fr-FR,https://robohash.org/atdoloremquequi.png?size=50x50&set=set1,47908 Grover Court,Business Systems Development Analyst
38,Laryssa,Syphas,lsyphas11@parallels.com,+358 939 631 8231,en-US,https://robohash.org/voluptateeaomnis.png?size=50x50&set=set1,0 Hagan Lane,Graphic Designer
39,Alair,Bengall,abengall12@theatlantic.com,+55 411 801 3838,fr-FR,https://robohash.org/molestiaeautconsequatur.png?size=50x50&set=set1,0 David Plaza,Senior Sales Associate
40,Thorpe,Bolduc,tbolduc13@businessinsider.com,+33 353 779 7752,fr-FR,https://robohash.org/doloribusametitaque.png?size=50x50&set=set1,61 Magdeline Road,Internal Auditor
41,Arron,Etherington,aetherington14@linkedin.com,+41 564 153 4634,fr-FR,https://robohash.org/repellendusveroid.png?size=50x50&set=set1,710 Canary Court,Assistant Manager
42,Salomone,Blankett,sblankett15@joomla.org,+1 713 391 8190,es-ES,https://robohash.org/molestiasetquam.png?size=50x50&set=set1,76 Fieldstone Parkway,Human Resources Assistant II
43,Joya,Dingwall,jdingwall16@foxnews.com,+387 105 312 0457,en-GB,https://robohash.org/estillumquidem.png?size=50x50&set=set1,18121 Delaware Street,Analog Circuit Design manager
44,Barrie,Teesdale,bteesdale17@goodreads.com,+48 267 493 5659,de-DE,https://robohash.org/sapienteeaquasi.png?size=50x50&set=set1,21365 Corben Circle,Director of Sales
45,Philippe,Booy,pbooy18@wufoo.com,+51 544 793 8530,de-DE,https://robohash.org/quinihilquaerat.png?size=50x50&set=set1,32134 Main Alley,Recruiter
46,Dianemarie,Cruddace,dcruddace19@craigslist.org,+63 160 755 9801,ja-JP,https://robohash.org/iustorerumrem.png?size=50x50&set=set1,999 Banding Trail,Analyst Programmer
47,Diann,Antonsen,dantonsen1a@aboutads.info,+359 427 678 2923,en-US,https://robohash.org/repellendusestquam.png?size=50x50&set=set1,30 Knutson Alley,Recruiting Manager
48,Ellary,Aldus,ealdus1b@washingtonpost.com,+55 402 140 1397,en-US,https://robohash.org/veroinventorevoluptatibus.png?size=50x50&set=set1,15193 Homewood Avenue,Speech Pathologist
49,Evyn,Craske,ecraske1c@youtu.be,+7 357 818 2072,fr-FR,https://robohash.org/suscipitsintquo.png?size=50x50&set=set1,6 Northfield Trail,Staff Scientist
50,Alissa,Faunt,afaunt1d@sphinn.com,+48 677 109 6524,de-DE,https://robohash.org/nobisquialaborum.png?size=50x50&set=set1,68605 6th Park,Senior Quality Engineer
51,Maryanne,McGeachy,mmcgeachy1e@acquirethisname.com,+55 900 789 5099,de-DE,https://robohash.org/sitmolestiaesapiente.png?size=50x50&set=set1,989 Grasskamp Plaza,Professor
52,Gweneth,Munro,gmunro1f@dedecms.com,+502 336 177 7083,de-DE,https://robohash.org/fugiattotamcumque.png?size=50x50&set=set1,72687 Columbus Junction,Structural Engineer
53,Liv,Bathowe,lbathowe1g@unicef.org,+351 549 668 0627,es-ES,https://robohash.org/etvoluptatibusanimi.png?size=50x50&set=set1,8 Waywood Junction,Analyst Programmer
54,Hazel,Tebald,htebald1h@google.pl,+63 862 108 9678,fr-FR,https://robohash.org/voluptasrecusandaetempora.png?size=50x50&set=set1,98172 High Crossing Court,Environmental Tech
55,Westbrook,Lower,wlower1i@csmonitor.com,+7 862 621 9754,en-US,https://robohash.org/voluptatemvoluptatumaperiam.png?size=50x50&set=set1,4299 Dakota Junction,Administrative Assistant I
56,Fara,Delete,fdelete1j@ehow.com,+86 373 738 8364,en-GB,https://robohash.org/idistenatus.png?size=50x50&set=set1,7470 Dapin Park,Programmer Analyst IV
57,Clarance,Hackleton,chackleton1k@moonfruit.com,+81 941 134 8520,en-US,https://robohash.org/ullameaconsectetur.png?size=50x50&set=set1,054 Comanche Street,Occupational Therapist
58,Tabbatha,Edmed,tedmed1l@gmpg.org,+359 460 888 8271,de-DE,https://robohash.org/sintnonea.png?size=50x50&set=set1,5 Hermina Alley,Paralegal
59,Adina,Kenlin,akenlin1m@a8.net,+55 129 318 6771,de-DE,https://robohash.org/quametminima.png?size=50x50&set=set1,7 Oxford Drive,Clinical Specialist
60,Marga,Bosquet,mbosquet1n@wordpress.com,+30 468 765 0873,ja-JP,https://robohash.org/magnietnam.png?size=50x50&set=set1,7 Sage Alley,Database Administrator IV
61,Krystalle,Theseira,ktheseira1o@ihg.com,+62 264 585 9572,fr-FR,https://robohash.org/liberoquiin.png?size=50x50&set=set1,20226 Waxwing Pass,Financial Analyst
62,Evelin,Echalier,eechalier1p@google.it,+86 502 289 0329,en-US,https://robohash.org/quisvoluptatibusfacere.png?size=50x50&set=set1,350 Jenna Avenue,Project Manager
63,Jilli,Hazel,jhazel1q@pen.io,+51 153 685 3709,es-ES,https://robohash.org/temporanullaquia.png?size=50x50&set=set1,4 Browning Circle,Nurse
64,Morly,Pimblott,mpimblott1r@yahoo.co.jp,+1 937 538 9871,de-DE,https://robohash.org/nobisrecusandaefuga.png?size=50x50&set=set1,59980 Hintze Street,Administrative Assistant IV
65,Ara,Meynell,ameynell1s@miibeian.gov.cn,+7 364 220 9934,en-GB,https://robohash.org/etconsequaturdolore.png?size=50x50&set=set1,982 Helena Place,Professor
66,Marge,Kaplin,mkaplin1t@multiply.com,+7 777 805 2520,en-GB,https://robohash.org/voluptasaliasfacilis.png?size=50x50&set=set1,5 Moose Junction,Biostatistician I
67,Tadd,Southcoat,tsouthcoat1u@google.cn,+351 855 714 3340,de-DE,https://robohash.org/harumsimiliquenon.png?size=50x50&set=set1,811 Express Way,Analog Circuit Design manager
68,Tomas,Sorro,tsorro1v@oracle.com,+86 874 514 9784,fr-FR,https://robohash.org/veritatisrepudiandaequidem.png?size=50x50&set=set1,99786 Parkside Terrace,Compensation Analyst
69,Devina,Mulcaster,dmulcaster1w@photobucket.com,+591 910 383 1436,de-DE,https://robohash.org/molestiasvoluptasqui.png?size=50x50&set=set1,6 Oneill Place,Senior Financial Analyst
70,Kitty,Gounin,kgounin1x@va.gov,+86 192 708 2422,de-DE,https://robohash.org/omnisducimusaut.png?size=50x50&set=set1,5 Prentice Court,Help Desk Technician
71,Ryun,Maltman,rmaltman1y@yahoo.com,+51 273 324 9146,en-US,https://robohash.org/nihilquivoluptate.png?size=50x50&set=set1,8 Mosinee Point,Teacher
72,Spence,Pegler,spegler1z@mac.com,+7 351 592 4547,fr-FR,https://robohash.org/maioresmagnimolestiae.png?size=50x50&set=set1,04 Old Shore Point,Automation Specialist II
73,Arley,Alderton,aalderton20@chronoengine.com,+27 970 141 9682,en-GB,https://robohash.org/consequunturipsumodio.png?size=50x50&set=set1,0 Scofield Parkway,Senior Editor
74,Theodore,Cosins,tcosins21@smh.com.au,+48 163 614 5487,en-US,https://robohash.org/accusantiumetconsequatur.png?size=50x50&set=set1,3248 Pankratz Lane,Food Chemist
75,Courtnay,Gaspard,cgaspard22@imageshack.us,+86 260 202 8173,en-US,https://robohash.org/quibusdamveniamnumquam.png?size=50x50&set=set1,4973 Trailsway Park,Senior Editor
76,Eddy,Nutley,enutley23@youtu.be,+86 994 952 0211,ja-JP,https://robohash.org/estutest.png?size=50x50&set=set1,7 Scoville Drive,Legal Assistant
77,Tulley,Mangenet,tmangenet24@ocn.ne.jp,+86 406 819 7354,en-US,https://robohash.org/voluptatemveroillum.png?size=50x50&set=set1,3 Bartelt Crossing,Account Executive
78,Cross,Canas,ccanas25@biglobe.ne.jp,+33 776 981 8226,en-US,https://robohash.org/hicistebeatae.png?size=50x50&set=set1,69701 Kingsford Drive,VP Accounting
79,Lanie,Kingstne,lkingstne26@weather.com,+62 912 186 9592,ja-JP,https://robohash.org/iureetcommodi.png?size=50x50&set=set1,6 Towne Street,Senior Editor
80,Percy,Shippard,pshippard27@home.pl,+1 483 689 9872,en-GB,https://robohash.org/eumconsequaturaperiam.png?size=50x50&set=set1,94 Moose Place,Assistant Manager
81,Court,Orrell,correll28@tuttocitta.it,+33 380 549 3506,es-ES,https://robohash.org/pariaturperspiciatiserror.png?size=50x50&set=set1,6 Mayfield Place,Information Systems Manager
82,Sholom,Trowill,strowill29@ycombinator.com,+7 605 333 4468,es-ES,https://robohash.org/voluptatibushicperspiciatis.png?size=50x50&set=set1,3236 Westend Center,Paralegal
83,Devinne,Dowry,ddowry2a@cdc.gov,+86 251 647 3456,en-US,https://robohash.org/utarchitectoillum.png?size=50x50&set=set1,90 Iowa Road,Community Outreach Specialist
84,Frederick,Bloodworthe,fbloodworthe2b@quantcast.com,+380 322 675 3600,en-US,https://robohash.org/eligendiautemut.png?size=50x50&set=set1,1 Valley Edge Center,Director of Sales
85,Emlen,Banes,ebanes2c@columbia.edu,+1 714 981 0041,fr-FR,https://robohash.org/nonporroconsequatur.png?size=50x50&set=set1,4438 Cardinal Plaza,Research Nurse
86,Raimund,Giercke,rgiercke2d@ow.ly,+370 983 212 2893,de-DE,https://robohash.org/quivoluptatemtemporibus.png?size=50x50&set=set1,573 3rd Drive,Account Executive
87,Karita,Allsepp,kallsepp2e@tripadvisor.com,+62 216 481 1160,en-US,https://robohash.org/repellatvoluptatemalias.png?size=50x50&set=set1,3106 Thierer Center,Research Nurse
88,Onofredo,Zukierman,ozukierman2f@weibo.com,+351 226 953 3319,ja-JP,https://robohash.org/doloremdeseruntid.png?size=50x50&set=set1,01 7th Crossing,Speech Pathologist
89,Candice,Petrecz,cpetrecz2g@hc360.com,+86 861 440 4738,en-US,https://robohash.org/pariaturfacilisomnis.png?size=50x50&set=set1,1 Dorton Crossing,Senior Financial Analyst
90,Ninnette,Trude,ntrude2h@psu.edu,+62 736 953 8281,fr-FR,https://robohash.org/corrupticulpavoluptatem.png?size=50x50&set=set1,8 Northland Avenue,Product Engineer
91,Porty,Laurant,plaurant2i@hc360.com,+62 671 159 2447,fr-FR,https://robohash.org/eligendifugitdolorem.png?size=50x50&set=set1,381 Moulton Street,Social Worker
92,Darn,Siseland,dsiseland2j@youtu.be,+57 739 906 8663,en-US,https://robohash.org/quismolestiaebeatae.png?size=50x50&set=set1,05 Chive Way,Geological Engineer
93,Helsa,Reynalds,hreynalds2k@webs.com,+7 320 379 8771,es-ES,https://robohash.org/suntestomnis.png?size=50x50&set=set1,11 Mendota Trail,Operator
94,Lon,Andriveaux,landriveaux2l@marketwatch.com,+7 755 593 7372,ja-JP,https://robohash.org/quismodilibero.png?size=50x50&set=set1,52942 Eggendart Alley,Staff Accountant III
95,Rhodia,Melody,rmelody2m@themeforest.net,+504 115 361 4777,ja-JP,https://robohash.org/autautnatus.png?size=50x50&set=set1,9491 Corscot Drive,Chief Design Engineer
96,Rubi,Sagg,rsagg2n@bravesites.com,+86 957 719 3092,fr-FR,https://robohash.org/iustoreiciendisdeleniti.png?size=50x50&set=set1,33 Nelson Drive,Legal Assistant
97,Megen,Healings,mhealings2o@istockphoto.com,+62 681 359 6531,de-DE,https://robohash.org/quiasitdolorem.png?size=50x50&set=set1,029 Pankratz Point,Developer IV
98,Justinian,Dreinan,jdreinan2p@uol.com.br,+63 857 973 6344,en-US,https://robohash.org/asperiorescupiditateeligendi.png?size=50x50&set=set1,770 Kedzie Pass,Recruiter
99,Elane,Stapylton,estapylton2q@angelfire.com,+49 453 872 5789,ja-JP,https://robohash.org/etidquos.png?size=50x50&set=set1,9772 Redwing Park,Structural Engineer
100,Yank,Stansfield,ystansfield2r@sciencedirect.com,+48 523 640 2870,de-DE,https://robohash.org/sitsaepeaccusantium.png?size=50x50&set=set1,6 Crescent Oaks Place,Media Manager II
